Extra Small Onions (< 1 3/4 in),Small Onions (1 3/4 - 1 13/16 in),Medium Onions (1 13/16 - 1 7/8 in),Large Onions(1 7/8 in - 2 in),Extra Large Onions (+ 2 in),Latitude,Longitude,Speed (km/h),Time,Filename
18,1,1,0,2,45.18439,-73.35772,0.14816000000000001,143514.4,E:/shal_lotD4_1153_20191003/result_images/115321.png
14,2,0,1,3,45.18439,-73.35773,0.18520000000000003,143516.4,E:/shal_lotD4_1153_20191003/result_images/115329.png
24,1,1,0,0,45.18439,-73.35772,0.12964,143523.9,E:/shal_lotD4_1153_20191003/result_images/115337.png
32,0,0,2,1,45.18439,-73.35772,0.22224,143531.5,E:/shal_lotD4_1153_20191003/result_images/115344.png
38,1,0,0,3,45.18439,-73.35772,0.44448,143539.1,E:/shal_lotD4_1153_20191003/result_images/115352.png
33,0,0,1,6,45.18439,-73.35773,0.94452,143546.9,E:/shal_lotD4_1153_20191003/result_images/115400.png
26,1,1,3,3,45.18438,-73.35774,1.09268,143555.0,E:/shal_lotD4_1153_20191003/result_images/115409.png
33,0,1,1,3,45.18437,-73.35776,1.1112,143603.8,E:/shal_lotD4_1153_20191003/result_images/115417.png
25,2,2,3,5,45.18436,-73.35778,1.09268,143612.4,E:/shal_lotD4_1153_20191003/result_images/115426.png
9,0,0,0,1,45.18434,-73.35781,2.35204,143621.1,E:/shal_lotD4_1153_20191003/result_images/115434.png
24,1,0,3,12,45.18433,-73.35786,0.9815600000000001,143628.9,E:/shal_lotD4_1153_20191003/result_images/115440.png
30,3,1,3,8,45.18432,-73.35788,1.12972,143635.0,E:/shal_lotD4_1153_20191003/result_images/115448.png
31,2,0,2,10,45.18429,-73.35793,1.9075600000000001,143642.5,E:/shal_lotD4_1153_20191003/result_images/115455.png
13,0,0,1,4,45.18426,-73.35797,1.8705200000000002,143650.4,E:/shal_lotD4_1153_20191003/result_images/115504.png
24,1,2,1,12,45.18424,-73.35801,2.16684,143658.5,E:/shal_lotD4_1153_20191003/result_images/115511.png
13,1,0,0,1,45.18421,-73.35804,1.9075600000000001,143705.5,E:/shal_lotD4_1153_20191003/result_images/115519.png
20,0,1,4,12,45.18419,-73.35808,1.88904,143713.7,E:/shal_lotD4_1153_20191003/result_images/115525.png
13,0,0,3,5,45.18416,-73.35811,1.852,143720.4,E:/shal_lotD4_1153_20191003/result_images/115533.png
17,0,1,0,2,45.18414,-73.35814,1.9075600000000001,143728.1,E:/shal_lotD4_1153_20191003/result_images/115540.png
15,0,0,0,1,45.18411,-73.35817,2.07424,143734.8,E:/shal_lotD4_1153_20191003/result_images/115546.png
10,0,0,1,2,45.18409,-73.35820,1.9260800000000002,143741.0,E:/shal_lotD4_1153_20191003/result_images/115552.png
29,2,0,3,19,45.18407,-73.35823,1.9446,143747.3,E:/shal_lotD4_1153_20191003/result_images/115558.png
21,0,1,1,3,45.18404,-73.35826,1.9075600000000001,143753.2,E:/shal_lotD4_1153_20191003/result_images/115607.png
21,2,0,1,2,45.18401,-73.35829,2.4076000000000004,143801.5,E:/shal_lotD4_1153_20191003/result_images/115614.png
46,3,1,1,8,45.18399,-73.35833,1.9075600000000001,143808.7,E:/shal_lotD4_1153_20191003/result_images/115620.png
13,0,0,1,4,45.18396,-73.35837,1.88904,143815.4,E:/shal_lotD4_1153_20191003/result_images/115629.png
13,1,0,1,1,45.18394,-73.35840,1.9260800000000002,143823.6,E:/shal_lotD4_1153_20191003/result_images/115635.png
21,0,0,0,2,45.18392,-73.35843,1.9631200000000002,143830.3,E:/shal_lotD4_1153_20191003/result_images/115642.png
12,1,0,2,2,45.18390,-73.35846,1.88904,143836.8,E:/shal_lotD4_1153_20191003/result_images/115649.png
12,0,1,0,1,45.18388,-73.35849,1.9816400000000003,143843.7,E:/shal_lotD4_1153_20191003/result_images/115656.png
17,0,0,0,1,45.18385,-73.35852,2.0186800000000003,143850.9,E:/shal_lotD4_1153_20191003/result_images/115702.png
5,0,0,0,2,45.18383,-73.35856,2.00016,143857.3,E:/shal_lotD4_1153_20191003/result_images/115709.png
15,0,1,1,1,45.18380,-73.35859,1.9631200000000002,143903.8,E:/shal_lotD4_1153_20191003/result_images/115715.png
7,0,0,0,0,45.18378,-73.35862,1.9816400000000003,143909.7,E:/shal_lotD4_1153_20191003/result_images/115721.png
12,1,1,0,0,45.18376,-73.35865,1.9446,143916.3,E:/shal_lotD4_1153_20191003/result_images/115727.png
22,2,0,1,1,45.18374,-73.35868,1.9816400000000003,143922.2,E:/shal_lotD4_1153_20191003/result_images/115734.png
5,0,0,1,0,45.18372,-73.35871,1.9075600000000001,143928.6,E:/shal_lotD4_1153_20191003/result_images/115741.png
25,0,0,0,0,45.18369,-73.35874,1.9816400000000003,143935.9,E:/shal_lotD4_1153_20191003/result_images/115747.png
13,0,0,0,1,45.18367,-73.35877,1.9446,143941.8,E:/shal_lotD4_1153_20191003/result_images/115754.png
17,0,3,2,7,45.18365,-73.35881,1.9446,143948.6,E:/shal_lotD4_1153_20191003/result_images/115800.png
11,2,0,0,2,45.18363,-73.35883,2.00016,143954.7,E:/shal_lotD4_1153_20191003/result_images/115807.png
17,0,0,1,5,45.18360,-73.35887,1.9075600000000001,144002.0,E:/shal_lotD4_1153_20191003/result_images/115813.png
5,0,0,0,2,45.18358,-73.35889,1.8705200000000002,144008.2,E:/shal_lotD4_1153_20191003/result_images/115820.png
22,2,1,0,3,45.18356,-73.35893,1.9446,144014.7,E:/shal_lotD4_1153_20191003/result_images/115826.png
20,1,1,1,5,45.18354,-73.35896,2.00016,144020.7,E:/shal_lotD4_1153_20191003/result_images/115833.png
24,2,1,0,3,45.18351,-73.35899,1.9260800000000002,144027.6,E:/shal_lotD4_1153_20191003/result_images/115840.png
24,0,1,0,8,45.18348,-73.35902,1.9260800000000002,144034.7,E:/shal_lotD4_1153_20191003/result_images/115847.png
15,0,0,0,1,45.18346,-73.35906,1.9816400000000003,144041.7,E:/shal_lotD4_1153_20191003/result_images/115854.png
9,0,1,1,2,45.18344,-73.35909,1.9446,144048.7,E:/shal_lotD4_1153_20191003/result_images/115900.png
21,1,0,1,5,45.18341,-73.35912,1.9446,144055.2,E:/shal_lotD4_1153_20191003/result_images/115907.png
14,0,0,0,2,45.18339,-73.35916,1.9816400000000003,144101.7,E:/shal_lotD4_1153_20191003/result_images/115914.png
2,0,1,0,0,45.18336,-73.35918,1.88904,144108.9,E:/shal_lotD4_1153_20191003/result_images/115920.png
24,0,2,1,5,45.18334,-73.35921,1.9260800000000002,144115.3,E:/shal_lotD4_1153_20191003/result_images/115926.png
15,1,1,0,4,45.18332,-73.35924,1.74088,144121.3,E:/shal_lotD4_1153_20191003/result_images/115933.png
6,0,0,1,0,45.18330,-73.35928,1.9260800000000002,144128.0,E:/shal_lotD4_1153_20191003/result_images/115940.png
25,1,3,0,8,45.18328,-73.35931,1.9816400000000003,144134.5,E:/shal_lotD4_1153_20191003/result_images/115945.png
19,1,0,1,6,45.18326,-73.35933,1.9446,144140.1,E:/shal_lotD4_1153_20191003/result_images/115953.png
32,2,0,2,5,45.18323,-73.35937,2.00016,144147.7,E:/shal_lotD4_1153_20191003/result_images/120000.png
21,2,0,2,2,45.18321,-73.35940,2.0186800000000003,144154.7,E:/shal_lotD4_1153_20191003/result_images/120007.png
14,1,1,2,3,45.18318,-73.35944,2.0372000000000003,144202.4,E:/shal_lotD4_1153_20191003/result_images/120015.png
16,0,0,1,7,45.18315,-73.35947,1.9816400000000003,144209.5,E:/shal_lotD4_1153_20191003/result_images/120022.png
13,0,2,1,5,45.18313,-73.35950,2.4816800000000003,144216.5,E:/shal_lotD4_1153_20191003/result_images/120029.png
4,0,1,0,0,45.18310,-73.35955,1.9631200000000002,144223.7,E:/shal_lotD4_1153_20191003/result_images/120036.png
18,0,0,1,0,45.18308,-73.35958,1.4630800000000002,144230.6,E:/shal_lotD4_1153_20191003/result_images/120041.png
18,1,0,0,2,45.18305,-73.35960,1.9260800000000002,144236.3,E:/shal_lotD4_1153_20191003/result_images/120048.png
10,0,0,0,0,45.18303,-73.35964,1.8149600000000001,144243.0,E:/shal_lotD4_1153_20191003/result_images/120055.png
8,0,0,0,1,45.18301,-73.35967,1.9446,144249.8,E:/shal_lotD4_1153_20191003/result_images/120101.png
14,0,0,0,4,45.18299,-73.35969,1.9260800000000002,144255.8,E:/shal_lotD4_1153_20191003/result_images/120107.png
15,1,0,2,1,45.18296,-73.35972,1.9816400000000003,144301.9,E:/shal_lotD4_1153_20191003/result_images/120114.png
25,1,1,0,2,45.18294,-73.35976,1.9446,144309.2,E:/shal_lotD4_1153_20191003/result_images/120121.png
24,0,2,0,6,45.18292,-73.35979,2.0186800000000003,144315.4,E:/shal_lotD4_1153_20191003/result_images/120128.png
12,1,0,0,2,45.18290,-73.35982,1.9816400000000003,144322.7,E:/shal_lotD4_1153_20191003/result_images/120135.png
12,0,1,0,1,45.18287,-73.35985,1.8705200000000002,144329.6,E:/shal_lotD4_1153_20191003/result_images/120141.png
14,1,2,1,2,45.18284,-73.35988,1.9260800000000002,144335.8,E:/shal_lotD4_1153_20191003/result_images/120147.png
17,2,1,1,7,45.18283,-73.35991,1.9446,144342.0,E:/shal_lotD4_1153_20191003/result_images/120154.png
15,1,0,0,1,45.18280,-73.35994,2.00016,144348.7,E:/shal_lotD4_1153_20191003/result_images/120201.png
9,2,0,0,0,45.18278,-73.35998,1.9260800000000002,144355.9,E:/shal_lotD4_1153_20191003/result_images/120208.png
27,1,0,1,13,45.18275,-73.36001,2.11128,144402.5,E:/shal_lotD4_1153_20191003/result_images/120214.png
13,0,0,0,2,45.18273,-73.36004,1.9446,144409.0,E:/shal_lotD4_1153_20191003/result_images/120222.png
28,0,0,1,8,45.18270,-73.36008,2.00016,144416.9,E:/shal_lotD4_1153_20191003/result_images/120228.png
8,2,0,0,4,45.18268,-73.36011,2.4076000000000004,144423.4,E:/shal_lotD4_1153_20191003/result_images/120236.png
24,1,2,1,4,45.18265,-73.36015,2.0186800000000003,144431.0,E:/shal_lotD4_1153_20191003/result_images/120243.png
11,0,0,0,2,45.18263,-73.36018,1.88904,144437.8,E:/shal_lotD4_1153_20191003/result_images/120250.png
15,0,0,0,1,45.18261,-73.36022,2.00016,144445.3,E:/shal_lotD4_1153_20191003/result_images/120256.png
25,1,0,1,6,45.18258,-73.36025,2.0557200000000004,144451.3,E:/shal_lotD4_1153_20191003/result_images/120303.png
11,1,0,1,2,45.18256,-73.36028,2.00016,144458.0,E:/shal_lotD4_1153_20191003/result_images/120311.png
16,1,0,2,3,45.18253,-73.36031,2.0186800000000003,144505.7,E:/shal_lotD4_1153_20191003/result_images/120317.png
10,0,0,2,3,45.18251,-73.36035,2.0372000000000003,144512.3,E:/shal_lotD4_1153_20191003/result_images/120324.png
6,0,0,0,0,45.18248,-73.36038,2.00016,144519.2,E:/shal_lotD4_1153_20191003/result_images/120331.png
30,1,0,1,4,45.18246,-73.36041,2.00016,144525.9,E:/shal_lotD4_1153_20191003/result_images/120337.png
11,3,0,0,2,45.18244,-73.36044,1.9631200000000002,144532.1,E:/shal_lotD4_1153_20191003/result_images/120344.png
23,0,1,0,0,45.18241,-73.36048,1.88904,144539.3,E:/shal_lotD4_1153_20191003/result_images/120351.png
26,1,0,1,3,45.18239,-73.36050,1.9816400000000003,144545.7,E:/shal_lotD4_1153_20191003/result_images/120358.png
15,1,0,0,4,45.18237,-73.36054,1.7038400000000002,144552.7,E:/shal_lotD4_1153_20191003/result_images/120405.png
16,0,0,1,5,45.18234,-73.36058,2.0186800000000003,144600.1,E:/shal_lotD4_1153_20191003/result_images/120412.png
28,0,0,1,2,45.18232,-73.36061,1.9446,144606.8,E:/shal_lotD4_1153_20191003/result_images/120418.png
23,2,1,0,5,45.18230,-73.36064,2.00016,144613.2,E:/shal_lotD4_1153_20191003/result_images/120426.png
6,0,1,0,3,45.18227,-73.36068,2.2964800000000003,144620.8,E:/shal_lotD4_1153_20191003/result_images/120433.png
3,0,0,0,0,45.18225,-73.36071,1.9631200000000002,144628.2,E:/shal_lotD4_1153_20191003/result_images/120439.png
18,2,0,1,2,45.18222,-73.36074,1.9260800000000002,144634.2,E:/shal_lotD4_1153_20191003/result_images/120446.png
9,0,0,0,0,45.18220,-73.36077,1.8705200000000002,144640.5,E:/shal_lotD4_1153_20191003/result_images/120453.png
16,0,1,1,0,45.18218,-73.36080,2.0557200000000004,144647.6,E:/shal_lotD4_1153_20191003/result_images/120459.png
10,0,1,0,3,45.18215,-73.36083,1.9631200000000002,144654.0,E:/shal_lotD4_1153_20191003/result_images/120506.png
8,0,0,0,1,45.18213,-73.36086,1.9631200000000002,144700.6,E:/shal_lotD4_1153_20191003/result_images/120512.png
19,0,0,1,2,45.18211,-73.36089,1.9631200000000002,144707.0,E:/shal_lotD4_1153_20191003/result_images/120518.png
7,1,0,1,1,45.18209,-73.36092,1.9260800000000002,144713.0,E:/shal_lotD4_1153_20191003/result_images/120525.png
17,1,0,1,0,45.18207,-73.36095,1.9446,144720.1,E:/shal_lotD4_1153_20191003/result_images/120531.png
10,0,0,0,0,45.18204,-73.36098,1.9631200000000002,144726.3,E:/shal_lotD4_1153_20191003/result_images/120539.png
10,2,0,0,2,45.18202,-73.36101,1.88904,144733.6,E:/shal_lotD4_1153_20191003/result_images/120545.png
4,0,0,0,1,45.18200,-73.36104,2.00016,144739.8,E:/shal_lotD4_1153_20191003/result_images/120551.png
8,0,0,2,1,45.18198,-73.36107,1.9446,144746.0,E:/shal_lotD4_1153_20191003/result_images/120557.png
7,1,0,1,0,45.18196,-73.36110,2.00016,144752.1,E:/shal_lotD4_1153_20191003/result_images/120603.png
10,2,0,1,3,45.18194,-73.36113,1.9260800000000002,144758.1,E:/shal_lotD4_1153_20191003/result_images/120609.png
30,1,1,1,1,45.18191,-73.36116,1.9260800000000002,144804.3,E:/shal_lotD4_1153_20191003/result_images/120616.png
11,0,0,2,2,45.18189,-73.36119,1.9446,144810.8,E:/shal_lotD4_1153_20191003/result_images/120623.png
15,2,0,1,3,45.18187,-73.36122,1.9260800000000002,144818.2,E:/shal_lotD4_1153_20191003/result_images/120630.png
4,0,0,1,0,45.18184,-73.36125,1.9075600000000001,144824.5,E:/shal_lotD4_1153_20191003/result_images/120636.png
14,0,0,0,0,45.18182,-73.36128,1.9446,144831.2,E:/shal_lotD4_1153_20191003/result_images/120642.png
8,0,0,0,0,45.18180,-73.36131,1.9260800000000002,144837.1,E:/shal_lotD4_1153_20191003/result_images/120648.png
19,0,2,1,3,45.18178,-73.36134,1.9446,144843.2,E:/shal_lotD4_1153_20191003/result_images/120654.png
14,1,0,1,0,45.18176,-73.36137,1.9260800000000002,144849.2,E:/shal_lotD4_1153_20191003/result_images/120701.png
30,0,0,0,4,45.18174,-73.36140,1.9075600000000001,144856.3,E:/shal_lotD4_1153_20191003/result_images/120708.png
6,1,0,0,3,45.18171,-73.36143,1.9446,144902.6,E:/shal_lotD4_1153_20191003/result_images/120715.png
14,0,1,1,7,45.18169,-73.36146,1.9446,144910.2,E:/shal_lotD4_1153_20191003/result_images/120721.png
6,0,0,1,0,45.18167,-73.36149,2.00016,144916.3,E:/shal_lotD4_1153_20191003/result_images/120728.png
9,0,0,0,0,45.18164,-73.36152,1.9631200000000002,144923.0,E:/shal_lotD4_1153_20191003/result_images/120734.png
20,1,0,0,4,45.18162,-73.36155,1.9446,144928.8,E:/shal_lotD4_1153_20191003/result_images/120740.png
8,1,0,0,1,45.18160,-73.36158,2.00016,144934.7,E:/shal_lotD4_1153_20191003/result_images/120747.png
6,0,0,0,0,45.18158,-73.36161,1.88904,144941.8,E:/shal_lotD4_1153_20191003/result_images/120753.png
4,0,1,0,0,45.18156,-73.36164,1.852,144948.1,E:/shal_lotD4_1153_20191003/result_images/120759.png
3,0,0,1,0,45.18154,-73.36166,1.8705200000000002,144953.7,E:/shal_lotD4_1153_20191003/result_images/120804.png
24,1,0,1,8,45.18152,-73.36169,1.8705200000000002,144959.3,E:/shal_lotD4_1153_20191003/result_images/120810.png
7,0,0,0,0,45.18150,-73.36172,1.9075600000000001,145005.2,E:/shal_lotD4_1153_20191003/result_images/120817.png
23,0,0,3,6,45.18148,-73.36175,1.852,145012.4,E:/shal_lotD4_1153_20191003/result_images/120824.png
6,0,1,0,0,45.18146,-73.36177,1.8149600000000001,145018.5,E:/shal_lotD4_1153_20191003/result_images/120831.png
7,0,0,1,0,45.18143,-73.36181,1.88904,145026.3,E:/shal_lotD4_1153_20191003/result_images/120837.png
3,0,0,0,0,45.18141,-73.36184,1.8705200000000002,145032.3,E:/shal_lotD4_1153_20191003/result_images/120843.png
1,0,0,0,0,45.18139,-73.36187,2.1298,145038.4,E:/shal_lotD4_1153_20191003/result_images/120850.png
0,0,0,0,0,45.18137,-73.36190,1.88904,145044.6,E:/shal_lotD4_1153_20191003/result_images/120855.png
14,0,0,0,0,45.18135,-73.36192,1.6853200000000002,145050.3,E:/shal_lotD4_1153_20191003/result_images/120901.png
16,0,0,0,0,45.18133,-73.36195,1.8149600000000001,145055.9,E:/shal_lotD4_1153_20191003/result_images/120907.png
1,0,0,0,0,45.18131,-73.36197,1.79644,145102.4,E:/shal_lotD4_1153_20191003/result_images/120914.png
2,0,0,1,0,45.18129,-73.36200,1.83348,145109.2,E:/shal_lotD4_1153_20191003/result_images/120920.png
14,1,1,1,2,45.18127,-73.36202,1.8705200000000002,145115.0,E:/shal_lotD4_1153_20191003/result_images/120926.png
2,1,0,0,2,45.18125,-73.36206,1.852,145120.9,E:/shal_lotD4_1153_20191003/result_images/120932.png
12,1,0,0,1,45.18123,-73.36208,1.8705200000000002,145127.3,E:/shal_lotD4_1153_20191003/result_images/120938.png
16,2,0,2,3,45.18121,-73.36211,1.88904,145133.0,E:/shal_lotD4_1153_20191003/result_images/120945.png
13,1,0,0,0,45.18119,-73.36214,1.83348,145139.5,E:/shal_lotD4_1153_20191003/result_images/120952.png
7,0,0,0,0,45.18117,-73.36217,1.79644,145146.6,E:/shal_lotD4_1153_20191003/result_images/120958.png
2,0,0,0,0,45.18114,-73.36220,1.8149600000000001,145153.1,E:/shal_lotD4_1153_20191003/result_images/121004.png
15,0,1,1,3,45.18113,-73.36222,1.7223600000000001,145158.8,E:/shal_lotD4_1153_20191003/result_images/121009.png
7,1,0,1,0,45.18111,-73.36225,1.6853200000000002,145204.4,E:/shal_lotD4_1153_20191003/result_images/121017.png
6,0,1,0,0,45.18109,-73.36227,1.61124,145211.5,E:/shal_lotD4_1153_20191003/result_images/121023.png
0,0,0,0,0,45.18108,-73.36230,1.5742,145217.6,E:/shal_lotD4_1153_20191003/result_images/121028.png
4,0,0,1,1,45.18106,-73.36232,1.5001200000000001,145223.1,E:/shal_lotD4_1153_20191003/result_images/121034.png
8,0,0,0,3,45.18104,-73.36233,1.5927200000000001,145228.9,E:/shal_lotD4_1153_20191003/result_images/121040.png
8,0,0,1,1,45.18102,-73.36236,1.5742,145235.2,E:/shal_lotD4_1153_20191003/result_images/121047.png
25,0,1,2,3,45.18101,-73.36239,1.5742,145241.6,E:/shal_lotD4_1153_20191003/result_images/121053.png
11,0,0,0,1,45.18099,-73.36241,1.5927200000000001,145247.6,E:/shal_lotD4_1153_20191003/result_images/121100.png
7,0,0,2,2,45.18097,-73.36244,1.55568,145255.0,E:/shal_lotD4_1153_20191003/result_images/121107.png
14,1,1,1,4,45.18095,-73.36247,1.5742,145301.7,E:/shal_lotD4_1153_20191003/result_images/121113.png
9,1,2,1,2,45.18093,-73.36249,1.62976,145307.8,E:/shal_lotD4_1153_20191003/result_images/121120.png
10,0,0,1,1,45.18091,-73.36252,1.5927200000000001,145314.6,E:/shal_lotD4_1153_20191003/result_images/121126.png
22,2,1,0,5,45.18089,-73.36254,1.53716,145320.9,E:/shal_lotD4_1153_20191003/result_images/121132.png
22,1,0,2,4,45.18088,-73.36256,1.55568,145326.8,E:/shal_lotD4_1153_20191003/result_images/121139.png
18,0,1,0,1,45.18086,-73.36259,1.6482800000000002,145333.7,E:/shal_lotD4_1153_20191003/result_images/121146.png
10,0,0,0,7,45.18084,-73.36262,1.7594,145340.9,E:/shal_lotD4_1153_20191003/result_images/121153.png
25,0,1,1,2,45.18081,-73.36265,1.77792,145347.5,E:/shal_lotD4_1153_20191003/result_images/121159.png
14,1,0,0,0,45.18079,-73.36268,1.74088,145354.1,E:/shal_lotD4_1153_20191003/result_images/121206.png
18,1,0,0,1,45.18077,-73.36270,1.7223600000000001,145401.5,E:/shal_lotD4_1153_20191003/result_images/121213.png
13,0,0,1,1,45.18075,-73.36273,1.7223600000000001,145407.6,E:/shal_lotD4_1153_20191003/result_images/121220.png
8,0,1,0,4,45.18073,-73.36276,1.62976,145414.7,E:/shal_lotD4_1153_20191003/result_images/121226.png
7,0,0,0,1,45.18071,-73.36279,1.7038400000000002,145421.3,E:/shal_lotD4_1153_20191003/result_images/121233.png
3,0,0,0,0,45.18069,-73.36281,1.7223600000000001,145427.8,E:/shal_lotD4_1153_20191003/result_images/121239.png
11,0,1,1,2,45.18067,-73.36284,1.79644,145433.9,E:/shal_lotD4_1153_20191003/result_images/121245.png
5,1,0,1,0,45.18065,-73.36287,1.77792,145440.2,E:/shal_lotD4_1153_20191003/result_images/121253.png
9,0,0,0,0,45.18063,-73.36290,1.74088,145447.6,E:/shal_lotD4_1153_20191003/result_images/121259.png
4,0,0,0,1,45.18061,-73.36293,1.74088,145454.0,E:/shal_lotD4_1153_20191003/result_images/121306.png
6,1,0,1,0,45.18059,-73.36296,1.77792,145501.3,E:/shal_lotD4_1153_20191003/result_images/121314.png
10,0,0,1,1,45.18056,-73.36299,1.83348,145508.5,E:/shal_lotD4_1153_20191003/result_images/121320.png
3,0,0,0,0,45.18054,-73.36302,1.74088,145515.1,E:/shal_lotD4_1153_20191003/result_images/121327.png
5,0,0,0,0,45.18052,-73.36305,2.3705600000000002,145521.9,E:/shal_lotD4_1153_20191003/result_images/121333.png
6,0,0,1,0,45.18050,-73.36307,1.83348,145527.9,E:/shal_lotD4_1153_20191003/result_images/121339.png
14,1,1,0,2,45.18048,-73.36310,1.8149600000000001,145534.3,E:/shal_lotD4_1153_20191003/result_images/121346.png
5,0,0,0,0,45.18046,-73.36313,1.62976,145541.0,E:/shal_lotD4_1153_20191003/result_images/121352.png
5,1,0,2,0,45.18044,-73.36316,1.8149600000000001,145547.4,E:/shal_lotD4_1153_20191003/result_images/121359.png
5,0,1,0,0,45.18042,-73.36319,2.0186800000000003,145554.1,E:/shal_lotD4_1153_20191003/result_images/121405.png
6,1,1,0,3,45.18040,-73.36322,1.83348,145600.3,E:/shal_lotD4_1153_20191003/result_images/121411.png
11,0,0,0,3,45.18038,-73.36324,1.852,145606.1,E:/shal_lotD4_1153_20191003/result_images/121418.png
17,0,0,0,1,45.18036,-73.36327,1.74088,145612.7,E:/shal_lotD4_1153_20191003/result_images/121425.png
16,0,0,2,1,45.18034,-73.36330,1.852,145619.6,E:/shal_lotD4_1153_20191003/result_images/121431.png
22,1,0,0,2,45.18032,-73.36333,1.83348,145626.1,E:/shal_lotD4_1153_20191003/result_images/121438.png
4,0,0,0,1,45.18029,-73.36336,1.852,145633.3,E:/shal_lotD4_1153_20191003/result_images/121445.png
14,0,0,1,3,45.18027,-73.36339,1.8705200000000002,145640.0,E:/shal_lotD4_1153_20191003/result_images/121451.png
5,0,0,0,1,45.18026,-73.36342,1.8149600000000001,145645.9,E:/shal_lotD4_1153_20191003/result_images/121458.png
8,0,0,0,0,45.18023,-73.36345,1.8149600000000001,145653.2,E:/shal_lotD4_1153_20191003/result_images/121504.png
3,1,0,0,0,45.18021,-73.36348,1.83348,145659.4,E:/shal_lotD4_1153_20191003/result_images/121511.png
8,1,0,1,1,45.18019,-73.36350,1.8149600000000001,145705.8,E:/shal_lotD4_1153_20191003/result_images/121517.png
5,1,0,1,0,45.18017,-73.36353,1.79644,145711.9,E:/shal_lotD4_1153_20191003/result_images/121523.png
9,0,0,1,2,45.18015,-73.36356,1.7594,145717.8,E:/shal_lotD4_1153_20191003/result_images/121529.png
10,0,0,0,1,45.18013,-73.36358,1.79644,145723.8,E:/shal_lotD4_1153_20191003/result_images/121536.png
12,0,0,1,1,45.18010,-73.36362,1.7594,145730.7,E:/shal_lotD4_1153_20191003/result_images/121542.png
14,0,1,0,1,45.18009,-73.36364,2.2224,145737.2,E:/shal_lotD4_1153_20191003/result_images/121549.png
23,1,0,0,4,45.18006,-73.36368,2.1298,145744.2,E:/shal_lotD4_1153_20191003/result_images/121556.png
18,1,1,1,3,45.18003,-73.36372,2.20388,145750.7,E:/shal_lotD4_1153_20191003/result_images/121603.png
3,0,0,0,0,45.18000,-73.36375,2.16684,145757.8,E:/shal_lotD4_1153_20191003/result_images/121610.png
17,1,0,1,1,45.17998,-73.36379,2.14832,145804.6,E:/shal_lotD4_1153_20191003/result_images/121615.png
9,0,0,1,0,45.17996,-73.36381,1.8149600000000001,145810.3,E:/shal_lotD4_1153_20191003/result_images/121622.png
8,0,0,1,0,45.17994,-73.36384,1.852,145816.6,E:/shal_lotD4_1153_20191003/result_images/121628.png
10,0,1,1,1,45.17992,-73.36387,1.7594,145822.6,E:/shal_lotD4_1153_20191003/result_images/121634.png
9,0,0,0,0,45.17990,-73.36389,1.5742,145829.1,E:/shal_lotD4_1153_20191003/result_images/121640.png
11,0,2,1,1,45.17988,-73.36392,1.6482800000000002,145835.0,E:/shal_lotD4_1153_20191003/result_images/121646.png
3,0,0,0,0,45.17987,-73.36394,1.83348,145840.6,E:/shal_lotD4_1153_20191003/result_images/121652.png
4,0,0,0,0,45.17984,-73.36397,1.8149600000000001,145847.2,E:/shal_lotD4_1153_20191003/result_images/121658.png
3,0,0,1,0,45.17982,-73.36400,1.77792,145853.3,E:/shal_lotD4_1153_20191003/result_images/121704.png
12,0,0,0,0,45.17981,-73.36402,1.5001200000000001,145858.8,E:/shal_lotD4_1153_20191003/result_images/121709.png
13,3,1,1,2,45.17979,-73.36404,1.7594,145904.1,E:/shal_lotD4_1153_20191003/result_images/121716.png
5,0,0,0,1,45.17977,-73.36407,2.2224,145910.6,E:/shal_lotD4_1153_20191003/result_images/121722.png
10,0,0,0,1,45.17975,-73.36410,1.9260800000000002,145917.0,E:/shal_lotD4_1153_20191003/result_images/121728.png
4,0,0,1,2,45.17973,-73.36412,1.8149600000000001,145923.1,E:/shal_lotD4_1153_20191003/result_images/121735.png
15,0,2,0,2,45.17971,-73.36416,1.83348,145929.6,E:/shal_lotD4_1153_20191003/result_images/121741.png
11,0,0,2,2,45.17968,-73.36418,2.0372000000000003,145935.5,E:/shal_lotD4_1153_20191003/result_images/121747.png
25,1,0,1,1,45.17966,-73.36421,1.61124,145942.3,E:/shal_lotD4_1153_20191003/result_images/121754.png
19,2,1,0,5,45.17964,-73.36424,1.77792,145948.7,E:/shal_lotD4_1153_20191003/result_images/121801.png
9,0,0,2,0,45.17962,-73.36427,1.40752,145955.8,E:/shal_lotD4_1153_20191003/result_images/121808.png
13,0,2,0,2,45.17962,-73.36427,0.7963600000000001,150002.8,E:/shal_lotD4_1153_20191003/result_images/121814.png
12,0,0,0,0,45.17962,-73.36428,1.7223600000000001,150008.9,E:/shal_lotD4_1153_20191003/result_images/121820.png
4,0,0,0,0,45.17960,-73.36430,1.3704800000000001,150015.3,E:/shal_lotD4_1153_20191003/result_images/121827.png
0,0,0,0,0,45.17958,-73.36433,2.18536,150021.6,E:/shal_lotD4_1153_20191003/result_images/121833.png
10,0,0,0,0,45.17958,-73.36434,0.5741200000000001,150027.6,E:/shal_lotD4_1153_20191003/result_images/121838.png
10,0,0,0,0,45.17958,-73.36434,0.9074800000000001,150033.0,E:/shal_lotD4_1153_20191003/result_images/121845.png
4,0,0,0,0,45.17960,-73.36429,1.55568,150040.3,E:/shal_lotD4_1153_20191003/result_images/121852.png
0,0,0,0,0,45.17956,-73.36433,5.22264,150046.5,E:/shal_lotD4_1153_20191003/result_images/121858.png
3,0,0,0,0,45.17946,-73.36437,6.945,150052.9,E:/shal_lotD4_1153_20191003/result_images/121903.png
1,0,0,0,0,45.17944,-73.36435,1.05564,150058.2,E:/shal_lotD4_1153_20191003/result_images/121909.png
3,0,0,0,0,45.17949,-73.36442,4.79668,150104.0,E:/shal_lotD4_1153_20191003/result_images/121915.png
3,0,0,0,0,45.17953,-73.36451,4.1299600000000005,150109.8,E:/shal_lotD4_1153_20191003/result_images/121921.png
3,0,0,0,0,45.17954,-73.36451,3.31508,150115.8,E:/shal_lotD4_1153_20191003/result_images/121927.png
1,0,0,0,0,45.17950,-73.36447,3.09284,150122.0,E:/shal_lotD4_1153_20191003/result_images/121933.png
1,0,0,0,0,45.17947,-73.36443,1.7223600000000001,150128.2,E:/shal_lotD4_1153_20191003/result_images/121939.png
4,0,0,0,0,45.17946,-73.36442,1.2408400000000002,150133.9,E:/shal_lotD4_1153_20191003/result_images/121945.png
1,0,0,0,0,45.17946,-73.36442,0.81488,150139.9,E:/shal_lotD4_1153_20191003/result_images/121951.png
1,0,0,0,0,45.17945,-73.36442,0.25928,150145.6,E:/shal_lotD4_1153_20191003/result_images/121957.png
3,0,0,0,0,45.17945,-73.36442,0.22224,150151.6,E:/shal_lotD4_1153_20191003/result_images/122002.png
3,0,0,0,0,45.17945,-73.36442,0.31484000000000006,150157.4,E:/shal_lotD4_1153_20191003/result_images/122008.png
3,0,0,0,0,45.17945,-73.36443,0.31484000000000006,150203.1,E:/shal_lotD4_1153_20191003/result_images/122014.png
2,0,0,0,0,45.17946,-73.36443,0.18520000000000003,150208.8,E:/shal_lotD4_1153_20191003/result_images/122019.png
2,0,0,0,0,45.17946,-73.36444,0.2778,150214.4,E:/shal_lotD4_1153_20191003/result_images/122025.png
1,0,0,0,0,45.17946,-73.36443,0.31484000000000006,150220.1,E:/shal_lotD4_1153_20191003/result_images/122031.png
3,0,0,0,0,45.17946,-73.36442,0.25928,150225.7,E:/shal_lotD4_1153_20191003/result_images/122036.png
2,0,0,0,0,45.17946,-73.36442,0.31484000000000006,150231.3,E:/shal_lotD4_1153_20191003/result_images/122042.png
2,0,0,0,0,45.17946,-73.36442,0.22224,150236.9,E:/shal_lotD4_1153_20191003/result_images/122048.png
1,0,0,0,0,45.17946,-73.36442,0.20372,150242.5,E:/shal_lotD4_1153_20191003/result_images/122053.png
1,0,0,0,0,45.17947,-73.36441,0.24076000000000003,150248.1,E:/shal_lotD4_1153_20191003/result_images/122059.png
1,0,0,0,0,45.17947,-73.36442,0.20372,150253.7,E:/shal_lotD4_1153_20191003/result_images/122104.png
5,0,0,0,0,45.17946,-73.36442,0.16668,150259.5,E:/shal_lotD4_1153_20191003/result_images/122110.png
1,0,0,0,0,45.17946,-73.36443,0.18520000000000003,150305.2,E:/shal_lotD4_1153_20191003/result_images/122116.png
1,0,0,0,0,45.17946,-73.36442,0.29632000000000003,150310.8,E:/shal_lotD4_1153_20191003/result_images/122122.png
3,0,0,0,0,45.17946,-73.36441,0.20372,150316.5,E:/shal_lotD4_1153_20191003/result_images/122127.png
1,1,0,0,0,45.17947,-73.36441,0.33336,150322.2,E:/shal_lotD4_1153_20191003/result_images/122133.png
3,0,0,0,0,45.17947,-73.36442,0.14816000000000001,150328.0,E:/shal_lotD4_1153_20191003/result_images/122139.png
2,0,0,0,0,45.17947,-73.36442,0.22224,150333.7,E:/shal_lotD4_1153_20191003/result_images/122144.png
1,0,0,0,0,45.17947,-73.36442,0.24076000000000003,150339.4,E:/shal_lotD4_1153_20191003/result_images/122150.png
3,0,0,0,0,45.17947,-73.36442,1.4260400000000002,150345.2,E:/shal_lotD4_1153_20191003/result_images/122156.png
2,0,0,0,0,45.17945,-73.36439,2.8520800000000004,150350.9,E:/shal_lotD4_1153_20191003/result_images/122202.png
4,0,0,0,0,45.17944,-73.36436,1.55568,150356.8,E:/shal_lotD4_1153_20191003/result_images/122208.png
4,0,0,0,1,45.17945,-73.36435,0.22224,150402.6,E:/shal_lotD4_1153_20191003/result_images/122213.png
3,0,0,1,0,45.17945,-73.36435,0.9074800000000001,150408.4,E:/shal_lotD4_1153_20191003/result_images/122219.png
11,0,1,0,0,45.17945,-73.36435,0.9630400000000001,150414.3,E:/shal_lotD4_1153_20191003/result_images/122226.png
16,0,1,0,0,45.17946,-73.36434,0.926,150420.5,E:/shal_lotD4_1153_20191003/result_images/122232.png
38,0,1,0,1,45.17946,-73.36433,0.6296800000000001,150427.4,E:/shal_lotD4_1153_20191003/result_images/122241.png
33,1,0,1,5,45.17951,-73.36424,4.1299600000000005,150436.1,E:/shal_lotD4_1153_20191003/result_images/122249.png
29,0,2,1,12,45.17950,-73.36419,0.61116,150444.1,E:/shal_lotD4_1153_20191003/result_images/122258.png
50,0,1,0,8,45.17954,-73.36412,2.88912,150452.8,E:/shal_lotD4_1153_20191003/result_images/122306.png
33,3,0,2,5,45.17954,-73.36411,0.33336,150500.8,E:/shal_lotD4_1153_20191003/result_images/122315.png
23,3,0,2,16,45.17955,-73.36413,0.70376,150509.5,E:/shal_lotD4_1153_20191003/result_images/122323.png
26,0,0,1,12,45.17955,-73.36414,0.9074800000000001,150518.1,E:/shal_lotD4_1153_20191003/result_images/122331.png
16,1,2,2,11,45.17955,-73.36414,0.88896,150525.7,E:/shal_lotD4_1153_20191003/result_images/122339.png
15,1,0,4,15,45.17954,-73.36416,0.9630400000000001,150533.8,E:/shal_lotD4_1153_20191003/result_images/122346.png
17,0,0,4,12,45.17954,-73.36416,0.8519200000000001,150541.2,E:/shal_lotD4_1153_20191003/result_images/122354.png
17,0,1,4,12,45.17953,-73.36418,0.87044,150548.7,E:/shal_lotD4_1153_20191003/result_images/122401.png
20,1,1,1,12,45.17952,-73.36420,0.926,150556.0,E:/shal_lotD4_1153_20191003/result_images/122409.png
17,1,0,2,11,45.17952,-73.36421,0.12964,150603.6,E:/shal_lotD4_1153_20191003/result_images/122416.png
17,0,2,2,12,45.17951,-73.36421,0.22224,150610.8,E:/shal_lotD4_1153_20191003/result_images/122423.png
21,0,2,3,8,45.17950,-73.36422,0.24076000000000003,150618.0,E:/shal_lotD4_1153_20191003/result_images/122431.png
15,1,0,2,13,45.17950,-73.36423,0.14816000000000001,150625.5,E:/shal_lotD4_1153_20191003/result_images/122438.png
16,1,1,3,12,45.17949,-73.36423,0.33336,150632.8,E:/shal_lotD4_1153_20191003/result_images/122445.png
18,1,0,3,14,45.17949,-73.36423,0.14816000000000001,150640.1,E:/shal_lotD4_1153_20191003/result_images/122453.png
13,0,1,2,15,45.17949,-73.36424,0.18520000000000003,150647.4,E:/shal_lotD4_1153_20191003/result_images/122500.png
15,1,0,3,15,45.17949,-73.36423,0.14816000000000001,150654.9,E:/shal_lotD4_1153_20191003/result_images/122507.png
16,2,1,1,10,45.17949,-73.36423,0.16668,150702.4,E:/shal_lotD4_1153_20191003/result_images/122515.png
14,0,0,3,15,45.17949,-73.36423,0.20372,150709.7,E:/shal_lotD4_1153_20191003/result_images/122522.png
17,1,0,5,13,45.17949,-73.36424,0.20372,150717.0,E:/shal_lotD4_1153_20191003/result_images/122529.png
19,0,0,4,14,45.17950,-73.36424,0.14816000000000001,150724.2,E:/shal_lotD4_1153_20191003/result_images/122537.png
17,0,0,3,13,45.17950,-73.36425,0.33336,150731.7,E:/shal_lotD4_1153_20191003/result_images/122544.png
18,1,1,3,14,45.17949,-73.36425,0.11112,150738.9,E:/shal_lotD4_1153_20191003/result_images/122551.png
18,1,1,1,12,45.17949,-73.36425,0.20372,150746.3,E:/shal_lotD4_1153_20191003/result_images/122559.png
18,2,0,4,10,45.17949,-73.36424,0.25928,150753.9,E:/shal_lotD4_1153_20191003/result_images/122606.png
16,0,0,6,11,45.17949,-73.36424,0.25928,150801.2,E:/shal_lotD4_1153_20191003/result_images/122614.png
18,0,0,6,9,45.17949,-73.36423,0.20372,150808.6,E:/shal_lotD4_1153_20191003/result_images/122621.png
18,1,1,4,8,45.17949,-73.36423,0.14816000000000001,150816.0,E:/shal_lotD4_1153_20191003/result_images/122628.png
16,0,0,2,13,45.17949,-73.36423,0.24076000000000003,150823.3,E:/shal_lotD4_1153_20191003/result_images/122636.png
18,1,0,3,12,45.17948,-73.36424,0.25928,150830.8,E:/shal_lotD4_1153_20191003/result_images/122643.png
21,0,0,2,13,45.17948,-73.36425,0.25928,150838.2,E:/shal_lotD4_1153_20191003/result_images/122651.png
17,0,0,2,14,45.17948,-73.36425,0.14816000000000001,150845.5,E:/shal_lotD4_1153_20191003/result_images/122658.png
16,1,0,2,15,45.17948,-73.36425,0.18520000000000003,150852.9,E:/shal_lotD4_1153_20191003/result_images/122705.png
19,0,1,1,14,45.17949,-73.36424,0.11112,150900.4,E:/shal_lotD4_1153_20191003/result_images/122713.png
26,0,0,0,13,45.17949,-73.36424,0.12964,150907.7,E:/shal_lotD4_1153_20191003/result_images/122720.png
19,0,0,3,15,45.17949,-73.36424,0.20372,150915.1,E:/shal_lotD4_1153_20191003/result_images/122727.png
19,1,0,2,13,45.17949,-73.36424,0.22224,150922.5,E:/shal_lotD4_1153_20191003/result_images/122735.png
17,1,0,1,13,45.17949,-73.36424,0.14816000000000001,150930.0,E:/shal_lotD4_1153_20191003/result_images/122742.png
19,0,0,4,11,45.17949,-73.36424,0.18520000000000003,150937.4,E:/shal_lotD4_1153_20191003/result_images/122750.png
13,0,0,1,15,45.17949,-73.36423,0.2778,150944.8,E:/shal_lotD4_1153_20191003/result_images/122757.png
19,0,1,0,13,45.17949,-73.36423,0.24076000000000003,150952.4,E:/shal_lotD4_1153_20191003/result_images/122805.png
21,0,2,1,11,45.17949,-73.36423,0.33336,150959.7,E:/shal_lotD4_1153_20191003/result_images/122812.png
18,0,1,0,14,45.17949,-73.36423,0.24076000000000003,151007.0,E:/shal_lotD4_1153_20191003/result_images/122819.png
22,0,1,2,13,45.17949,-73.36423,0.14816000000000001,151014.4,E:/shal_lotD4_1153_20191003/result_images/122827.png
22,0,0,0,16,45.17950,-73.36423,0.18520000000000003,151021.7,E:/shal_lotD4_1153_20191003/result_images/122834.png
23,1,0,2,15,45.17951,-73.36423,0.16668,151029.1,E:/shal_lotD4_1153_20191003/result_images/122842.png
24,0,1,2,12,45.17951,-73.36424,0.16668,151036.6,E:/shal_lotD4_1153_20191003/result_images/122849.png
18,0,1,2,10,45.17952,-73.36425,0.33336,151044.3,E:/shal_lotD4_1153_20191003/result_images/122857.png
21,0,0,2,11,45.17952,-73.36425,0.24076000000000003,151051.7,E:/shal_lotD4_1153_20191003/result_images/122904.png
17,0,1,2,11,45.17952,-73.36425,0.16668,151058.9,E:/shal_lotD4_1153_20191003/result_images/122911.png
21,1,1,0,19,45.17953,-73.36425,0.2778,151106.1,E:/shal_lotD4_1153_20191003/result_images/122919.png
19,0,1,2,16,45.17953,-73.36425,0.16668,151113.5,E:/shal_lotD4_1153_20191003/result_images/122926.png
18,1,0,3,17,45.17953,-73.36425,0.22224,151121.0,E:/shal_lotD4_1153_20191003/result_images/122934.png
17,1,2,1,17,45.17953,-73.36425,0.22224,151128.6,E:/shal_lotD4_1153_20191003/result_images/122941.png
20,1,0,2,13,45.17952,-73.36426,0.22224,151136.2,E:/shal_lotD4_1153_20191003/result_images/122949.png
25,1,1,2,14,45.17952,-73.36426,0.31484000000000006,151143.7,E:/shal_lotD4_1153_20191003/result_images/122956.png
18,0,1,3,16,45.17952,-73.36426,0.42596000000000006,151151.2,E:/shal_lotD4_1153_20191003/result_images/123004.png
19,0,0,5,13,45.17951,-73.36426,0.2778,151158.8,E:/shal_lotD4_1153_20191003/result_images/123012.png
17,0,0,2,15,45.17951,-73.36425,0.2778,151206.5,E:/shal_lotD4_1153_20191003/result_images/123019.png
20,0,1,1,18,45.17951,-73.36424,0.2778,151214.0,E:/shal_lotD4_1153_20191003/result_images/123027.png
15,0,1,3,17,45.17951,-73.36424,0.25928,151221.5,E:/shal_lotD4_1153_20191003/result_images/123034.png
16,0,2,0,19,45.17951,-73.36423,0.24076000000000003,151229.2,E:/shal_lotD4_1153_20191003/result_images/123042.png
17,1,1,3,18,45.17951,-73.36423,0.22224,151236.5,E:/shal_lotD4_1153_20191003/result_images/123049.png
13,0,3,1,15,45.17951,-73.36424,0.29632000000000003,151244.1,E:/shal_lotD4_1153_20191003/result_images/123057.png
17,0,2,1,19,45.17950,-73.36424,0.16668,151251.7,E:/shal_lotD4_1153_20191003/result_images/123104.png
15,1,0,1,16,45.17951,-73.36424,0.24076000000000003,151259.2,E:/shal_lotD4_1153_20191003/result_images/123112.png
10,0,2,2,19,45.17951,-73.36424,0.24076000000000003,151306.8,E:/shal_lotD4_1153_20191003/result_images/123119.png
15,0,2,1,16,45.17950,-73.36423,0.24076000000000003,151314.2,E:/shal_lotD4_1153_20191003/result_images/123127.png
11,0,1,1,20,45.17950,-73.36422,0.24076000000000003,151321.5,E:/shal_lotD4_1153_20191003/result_images/123134.png
17,0,1,2,13,45.17950,-73.36423,0.20372,151328.9,E:/shal_lotD4_1153_20191003/result_images/123141.png
16,0,2,2,13,45.17951,-73.36423,0.22224,151336.2,E:/shal_lotD4_1153_20191003/result_images/123148.png
13,0,1,2,11,45.17951,-73.36423,0.24076000000000003,151343.4,E:/shal_lotD4_1153_20191003/result_images/123156.png
15,1,1,0,19,45.17951,-73.36423,0.29632000000000003,151350.7,E:/shal_lotD4_1153_20191003/result_images/123203.png
18,1,0,0,17,45.17951,-73.36424,0.8334,151358.0,E:/shal_lotD4_1153_20191003/result_images/123210.png
17,1,0,0,15,45.17952,-73.36425,0.25928,151405.3,E:/shal_lotD4_1153_20191003/result_images/123218.png
12,0,2,1,15,45.17952,-73.36426,0.22224,151412.8,E:/shal_lotD4_1153_20191003/result_images/123225.png
18,0,0,4,16,45.17951,-73.36426,0.12964,151420.2,E:/shal_lotD4_1153_20191003/result_images/123232.png
16,1,0,1,13,45.17951,-73.36426,0.33336,151427.4,E:/shal_lotD4_1153_20191003/result_images/123240.png
13,1,1,0,19,45.17952,-73.36427,0.2778,151434.7,E:/shal_lotD4_1153_20191003/result_images/123247.png
11,1,0,1,23,45.17953,-73.36427,0.25928,151441.9,E:/shal_lotD4_1153_20191003/result_images/123254.png
15,0,1,1,17,45.17953,-73.36426,0.16668,151449.2,E:/shal_lotD4_1153_20191003/result_images/123302.png
16,2,0,3,13,45.17953,-73.36426,0.20372,151456.7,E:/shal_lotD4_1153_20191003/result_images/123309.png
14,1,0,2,17,45.17953,-73.36425,0.14816000000000001,151504.1,E:/shal_lotD4_1153_20191003/result_images/123316.png
19,1,0,1,15,45.17953,-73.36425,0.22224,151511.4,E:/shal_lotD4_1153_20191003/result_images/123324.png
19,1,0,1,16,45.17953,-73.36425,0.24076000000000003,151518.7,E:/shal_lotD4_1153_20191003/result_images/123331.png
16,2,0,0,14,45.17953,-73.36424,0.18520000000000003,151526.2,E:/shal_lotD4_1153_20191003/result_images/123339.png
19,1,1,1,11,45.17953,-73.36424,0.20372,151533.6,E:/shal_lotD4_1153_20191003/result_images/123346.png
19,1,0,1,10,45.17954,-73.36425,0.14816000000000001,151540.9,E:/shal_lotD4_1153_20191003/result_images/123353.png
17,1,0,1,13,45.17954,-73.36425,0.16668,151548.1,E:/shal_lotD4_1153_20191003/result_images/123400.png
13,0,1,0,12,45.17954,-73.36425,0.18520000000000003,151555.4,E:/shal_lotD4_1153_20191003/result_images/123408.png
20,0,0,1,11,45.17953,-73.36426,0.16668,151602.6,E:/shal_lotD4_1153_20191003/result_images/123415.png
17,1,0,1,11,45.17954,-73.36426,0.18520000000000003,151609.9,E:/shal_lotD4_1153_20191003/result_images/123422.png
13,1,1,1,13,45.17954,-73.36426,0.16668,151617.1,E:/shal_lotD4_1153_20191003/result_images/123429.png
13,0,2,2,11,45.17953,-73.36425,0.20372,151624.3,E:/shal_lotD4_1153_20191003/result_images/123437.png
17,1,1,1,11,45.17953,-73.36425,0.14816000000000001,151631.5,E:/shal_lotD4_1153_20191003/result_images/123444.png
9,0,0,5,13,45.17953,-73.36426,0.20372,151638.6,E:/shal_lotD4_1153_20191003/result_images/123451.png
12,0,0,2,13,45.17952,-73.36426,0.12964,151645.9,E:/shal_lotD4_1153_20191003/result_images/123458.png
11,0,0,1,14,45.17952,-73.36426,0.14816000000000001,151652.9,E:/shal_lotD4_1153_20191003/result_images/123505.png
7,0,0,0,17,45.17953,-73.36425,0.29632000000000003,151700.0,E:/shal_lotD4_1153_20191003/result_images/123512.png
10,0,0,1,13,45.17953,-73.36424,0.29632000000000003,151707.1,E:/shal_lotD4_1153_20191003/result_images/123519.png
14,1,0,1,11,45.17953,-73.36424,0.20372,151714.0,E:/shal_lotD4_1153_20191003/result_images/123526.png
8,0,0,1,8,45.17952,-73.36424,0.11112,151720.9,E:/shal_lotD4_1153_20191003/result_images/123533.png
8,1,0,1,7,45.17952,-73.36424,0.16668,151727.9,E:/shal_lotD4_1153_20191003/result_images/123540.png
8,1,1,1,7,45.17952,-73.36424,0.31484000000000006,151734.6,E:/shal_lotD4_1153_20191003/result_images/123546.png
6,1,1,1,8,45.17952,-73.36425,0.22224,151741.2,E:/shal_lotD4_1153_20191003/result_images/123553.png
7,1,0,0,8,45.17952,-73.36425,0.22224,151747.9,E:/shal_lotD4_1153_20191003/result_images/123559.png
7,1,2,0,8,45.17952,-73.36425,0.16668,151754.5,E:/shal_lotD4_1153_20191003/result_images/123606.png
8,1,0,0,7,45.17952,-73.36425,0.22224,151801.0,E:/shal_lotD4_1153_20191003/result_images/123613.png
8,0,0,2,9,45.17952,-73.36425,0.29632000000000003,151807.8,E:/shal_lotD4_1153_20191003/result_images/123619.png
10,0,0,1,10,45.17951,-73.36425,0.5556,151814.4,E:/shal_lotD4_1153_20191003/result_images/123626.png
6,0,1,0,9,45.17951,-73.36425,0.24076000000000003,151821.1,E:/shal_lotD4_1153_20191003/result_images/123633.png
7,1,1,3,6,45.17951,-73.36424,0.16668,151828.0,E:/shal_lotD4_1153_20191003/result_images/123640.png
4,1,0,2,11,45.17951,-73.36424,0.18520000000000003,151834.7,E:/shal_lotD4_1153_20191003/result_images/123646.png
7,0,1,1,11,45.17951,-73.36424,0.35188,151841.4,E:/shal_lotD4_1153_20191003/result_images/123653.png
7,0,0,1,11,45.17951,-73.36425,0.18520000000000003,151848.2,E:/shal_lotD4_1153_20191003/result_images/123700.png
9,0,1,2,11,45.17951,-73.36424,0.33336,151854.9,E:/shal_lotD4_1153_20191003/result_images/123707.png
12,0,0,2,10,45.17951,-73.36424,0.38892,151901.7,E:/shal_lotD4_1153_20191003/result_images/123714.png
13,0,1,1,9,45.17951,-73.36424,0.22224,151908.6,E:/shal_lotD4_1153_20191003/result_images/123720.png
8,1,0,1,13,45.17951,-73.36424,0.18520000000000003,151915.4,E:/shal_lotD4_1153_20191003/result_images/113727.png
7,0,1,2,11,45.17951,-73.36424,0.18520000000000003,151922.3,E:/shal_lotD4_1153_20191003/result_images/113734.png
10,1,0,2,10,45.17951,-73.36424,0.31484000000000006,151929.0,E:/shal_lotD4_1153_20191003/result_images/113741.png
11,0,1,0,10,45.17951,-73.36424,0.29632000000000003,151935.9,E:/shal_lotD4_1153_20191003/result_images/113748.png
11,0,1,0,11,45.17952,-73.36424,0.25928,151942.6,E:/shal_lotD4_1153_20191003/result_images/113755.png
8,1,0,2,8,45.17952,-73.36424,0.2778,151949.6,E:/shal_lotD4_1153_20191003/result_images/113801.png
5,1,1,1,9,45.17952,-73.36423,0.463,151956.4,E:/shal_lotD4_1153_20191003/result_images/113808.png
3,1,0,0,13,45.17952,-73.36422,0.31484000000000006,152003.2,E:/shal_lotD4_1153_20191003/result_images/113815.png
9,2,0,0,9,45.17952,-73.36422,0.12964,152010.0,E:/shal_lotD4_1153_20191003/result_images/113822.png
8,0,0,0,9,45.17952,-73.36421,1.2038000000000002,152016.8,E:/shal_lotD4_1153_20191003/result_images/113829.png
7,0,0,5,4,45.17953,-73.36421,0.25928,152023.6,E:/shal_lotD4_1153_20191003/result_images/113835.png
5,1,0,3,7,45.17953,-73.36421,0.2778,152030.3,E:/shal_lotD4_1153_20191003/result_images/113842.png
6,0,0,0,11,45.17953,-73.36421,0.22224,152036.9,E:/shal_lotD4_1153_20191003/result_images/113849.png
7,1,0,1,8,45.17953,-73.36421,0.38892,152043.6,E:/shal_lotD4_1153_20191003/result_images/113856.png
7,0,0,1,11,45.17952,-73.36420,0.20372,152050.5,E:/shal_lotD4_1153_20191003/result_images/113902.png
5,0,0,1,11,45.17952,-73.36419,0.25928,152057.3,E:/shal_lotD4_1153_20191003/result_images/113909.png
7,1,0,0,13,45.17952,-73.36419,0.40744,152104.2,E:/shal_lotD4_1153_20191003/result_images/113916.png
6,0,0,0,10,45.17952,-73.36418,0.44448,152111.1,E:/shal_lotD4_1153_20191003/result_images/113923.png
9,0,0,2,11,45.17952,-73.36419,0.31484000000000006,152118.0,E:/shal_lotD4_1153_20191003/result_images/113930.png
9,1,0,2,10,45.17951,-73.36419,0.22224,152124.5,E:/shal_lotD4_1153_20191003/result_images/113936.png
5,0,0,2,9,45.17951,-73.36419,0.6482,152131.2,E:/shal_lotD4_1153_20191003/result_images/113943.png
4,0,1,5,7,45.17951,-73.36419,0.2778,152137.9,E:/shal_lotD4_1153_20191003/result_images/113950.png
4,0,1,2,9,45.17951,-73.36419,0.24076000000000003,152144.5,E:/shal_lotD4_1153_20191003/result_images/113956.png
6,0,1,1,9,45.17951,-73.36419,0.18520000000000003,152151.2,E:/shal_lotD4_1153_20191003/result_images/114003.png
8,0,1,2,6,45.17951,-73.36419,0.22224,152158.0,E:/shal_lotD4_1153_20191003/result_images/114010.png
7,0,0,3,6,45.17951,-73.36420,0.22224,152204.6,E:/shal_lotD4_1153_20191003/result_images/114016.png
4,0,0,3,8,45.17950,-73.36420,0.24076000000000003,152211.2,E:/shal_lotD4_1153_20191003/result_images/114023.png
7,1,0,1,7,45.17950,-73.36420,0.14816000000000001,152217.7,E:/shal_lotD4_1153_20191003/result_images/114030.png
7,2,0,2,6,45.17950,-73.36420,0.11112,152224.5,E:/shal_lotD4_1153_20191003/result_images/114036.png
11,0,0,1,14,45.17949,-73.36422,0.25928,152231.1,E:/shal_lotD4_1153_20191003/result_images/114043.png
13,0,0,1,11,45.17949,-73.36423,0.14816000000000001,152237.7,E:/shal_lotD4_1153_20191003/result_images/114050.png
12,0,0,1,9,45.17949,-73.36424,0.22224,152244.8,E:/shal_lotD4_1153_20191003/result_images/114057.png
8,1,0,0,12,45.17949,-73.36424,0.18520000000000003,152251.7,E:/shal_lotD4_1153_20191003/result_images/114104.png
11,0,0,0,12,45.17949,-73.36425,0.18520000000000003,152258.6,E:/shal_lotD4_1153_20191003/result_images/114111.png
8,1,0,1,10,45.17949,-73.36424,0.25928,152305.5,E:/shal_lotD4_1153_20191003/result_images/114117.png
9,1,0,0,12,45.17949,-73.36424,0.20372,152312.4,E:/shal_lotD4_1153_20191003/result_images/114124.png
6,1,0,1,14,45.17949,-73.36424,0.48152000000000006,152319.4,E:/shal_lotD4_1153_20191003/result_images/114131.png
11,1,0,0,13,45.17949,-73.36424,0.20372,152326.4,E:/shal_lotD4_1153_20191003/result_images/114138.png
10,1,1,0,13,45.17949,-73.36423,0.40744,152333.4,E:/shal_lotD4_1153_20191003/result_images/114146.png
10,1,0,1,11,45.17949,-73.36422,0.33336,152340.6,E:/shal_lotD4_1153_20191003/result_images/114153.png
9,1,0,2,11,45.17949,-73.36422,0.22224,152347.7,E:/shal_lotD4_1153_20191003/result_images/114200.png
9,0,0,1,16,45.17949,-73.36422,0.29632000000000003,152354.7,E:/shal_lotD4_1153_20191003/result_images/114207.png
10,0,0,2,12,45.17950,-73.36422,0.22224,152401.7,E:/shal_lotD4_1153_20191003/result_images/114214.png
8,0,0,1,15,45.17950,-73.36422,0.18520000000000003,152408.8,E:/shal_lotD4_1153_20191003/result_images/114221.png
8,1,0,2,12,45.17950,-73.36422,0.11112,152415.8,E:/shal_lotD4_1153_20191003/result_images/114228.png
10,0,0,2,8,45.17951,-73.36421,0.37040000000000006,152422.9,E:/shal_lotD4_1153_20191003/result_images/114235.png
9,0,1,2,11,45.17949,-73.36424,3.59288,152430.0,E:/shal_lotD4_1153_20191003/result_images/114242.png
13,0,0,2,14,45.17944,-73.36432,1.9631200000000002,152437.0,E:/shal_lotD4_1153_20191003/result_images/114249.png
10,1,1,0,20,45.17943,-73.36432,1.33344,152443.9,E:/shal_lotD4_1153_20191003/result_images/114256.png
19,2,0,5,15,45.17940,-73.36431,0.87044,152451.3,E:/shal_lotD4_1153_20191003/result_images/114304.png
12,0,3,1,11,45.17942,-73.36435,5.7412,152458.7,E:/shal_lotD4_1153_20191003/result_images/114311.png
6,0,0,2,13,45.17947,-73.36444,1.88904,152506.2,E:/shal_lotD4_1153_20191003/result_images/114318.png
11,0,1,2,14,45.17950,-73.36444,1.44456,152513.4,E:/shal_lotD4_1153_20191003/result_images/114326.png
24,1,1,4,14,45.17953,-73.36441,0.6296800000000001,152520.6,E:/shal_lotD4_1153_20191003/result_images/114333.png
35,1,5,0,3,45.17953,-73.36441,1.00008,152527.5,E:/shal_lotD4_1153_20191003/result_images/114340.png
17,1,0,2,13,45.17953,-73.36437,0.88896,152535.4,E:/shal_lotD4_1153_20191003/result_images/114348.png
18,2,1,1,12,45.17954,-73.36435,0.9074800000000001,152543.3,E:/shal_lotD4_1153_20191003/result_images/114356.png
23,3,1,0,12,45.17955,-73.36434,0.77784,152550.7,E:/shal_lotD4_1153_20191003/result_images/114403.png
15,1,0,0,0,45.17957,-73.36431,1.16676,152558.2,E:/shal_lotD4_1153_20191003/result_images/114410.png
18,0,0,0,1,45.17959,-73.36428,1.2593600000000003,152605.3,E:/shal_lotD4_1153_20191003/result_images/114417.png
8,0,1,1,0,45.17960,-73.36427,1.12972,152611.9,E:/shal_lotD4_1153_20191003/result_images/114423.png
16,1,0,2,4,45.17963,-73.36423,1.7038400000000002,152618.4,E:/shal_lotD4_1153_20191003/result_images/114429.png
10,0,1,1,0,45.17965,-73.36421,1.79644,152624.2,E:/shal_lotD4_1153_20191003/result_images/114436.png
22,0,1,1,4,45.17967,-73.36417,1.51864,152630.8,E:/shal_lotD4_1153_20191003/result_images/114441.png
23,3,1,2,10,45.17969,-73.36415,1.77792,152636.4,E:/shal_lotD4_1153_20191003/result_images/114448.png
16,0,0,0,1,45.17972,-73.36412,1.77792,152643.0,E:/shal_lotD4_1153_20191003/result_images/114456.png
11,0,0,1,2,45.17974,-73.36409,1.7594,152650.5,E:/shal_lotD4_1153_20191003/result_images/114502.png
20,1,0,0,7,45.17976,-73.36406,2.1298,152656.6,E:/shal_lotD4_1153_20191003/result_images/114508.png
24,0,0,4,15,45.17978,-73.36404,1.79644,152702.8,E:/shal_lotD4_1153_20191003/result_images/114515.png
17,0,0,1,8,45.17980,-73.36400,1.77792,152709.8,E:/shal_lotD4_1153_20191003/result_images/114523.png
20,1,1,1,10,45.17982,-73.36397,1.7594,152717.9,E:/shal_lotD4_1153_20191003/result_images/114530.png
21,0,0,0,7,45.17985,-73.36393,1.9260800000000002,152725.1,E:/shal_lotD4_1153_20191003/result_images/114539.png
19,0,0,2,6,45.17988,-73.36389,1.9260800000000002,152733.5,E:/shal_lotD4_1153_20191003/result_images/114545.png
20,0,2,0,7,45.17990,-73.36386,1.88904,152740.4,E:/shal_lotD4_1153_20191003/result_images/114553.png
19,0,0,1,0,45.17993,-73.36382,2.0372000000000003,152747.5,E:/shal_lotD4_1153_20191003/result_images/114559.png
4,0,0,0,0,45.17995,-73.36380,1.7594,152754.3,E:/shal_lotD4_1153_20191003/result_images/114606.png
10,0,0,0,0,45.17997,-73.36377,1.5742,152800.8,E:/shal_lotD4_1153_20191003/result_images/114611.png
10,0,0,0,2,45.17998,-73.36376,1.62976,152806.0,E:/shal_lotD4_1153_20191003/result_images/114617.png
13,2,1,0,1,45.18000,-73.36374,1.44456,152811.8,E:/shal_lotD4_1153_20191003/result_images/114623.png
15,0,1,0,0,45.18002,-73.36371,1.51864,152817.9,E:/shal_lotD4_1153_20191003/result_images/114629.png
19,2,0,2,8,45.18003,-73.36369,1.5742,152824.1,E:/shal_lotD4_1153_20191003/result_images/114635.png
13,0,2,0,1,45.18005,-73.36366,1.5927200000000001,152830.0,E:/shal_lotD4_1153_20191003/result_images/114642.png
13,1,0,4,2,45.18007,-73.36364,1.61124,152836.6,E:/shal_lotD4_1153_20191003/result_images/114648.png
10,0,0,2,0,45.18009,-73.36361,1.55568,152842.7,E:/shal_lotD4_1153_20191003/result_images/114654.png
12,0,1,0,0,45.18010,-73.36359,1.62976,152849.1,E:/shal_lotD4_1153_20191003/result_images/114701.png
9,0,0,0,0,45.18013,-73.36357,1.6482800000000002,152855.7,E:/shal_lotD4_1153_20191003/result_images/114707.png
2,0,0,0,4,45.18015,-73.36354,1.31492,152902.1,E:/shal_lotD4_1153_20191003/result_images/114713.png
0,0,0,0,0,45.18016,-73.36352,1.55568,152907.9,E:/shal_lotD4_1153_20191003/result_images/114719.png
9,0,0,0,3,45.18018,-73.36349,1.62976,152913.5,E:/shal_lotD4_1153_20191003/result_images/114724.png
6,0,1,1,2,45.18019,-73.36348,1.6482800000000002,152918.7,E:/shal_lotD4_1153_20191003/result_images/114730.png
9,0,0,1,1,45.18021,-73.36345,1.9816400000000003,152925.3,E:/shal_lotD4_1153_20191003/result_images/114736.png
13,0,0,0,4,45.18023,-73.36343,1.6482800000000002,152931.2,E:/shal_lotD4_1153_20191003/result_images/114742.png
17,1,0,1,0,45.18024,-73.36340,1.7038400000000002,152937.4,E:/shal_lotD4_1153_20191003/result_images/114749.png
10,0,0,0,0,45.18026,-73.36337,1.5927200000000001,152943.6,E:/shal_lotD4_1153_20191003/result_images/114755.png
5,0,0,0,0,45.18028,-73.36335,1.61124,152949.5,E:/shal_lotD4_1153_20191003/result_images/114801.png
6,0,0,0,0,45.18030,-73.36333,1.7223600000000001,152955.5,E:/shal_lotD4_1153_20191003/result_images/114807.png
8,0,1,1,1,45.18032,-73.36330,1.61124,153001.5,E:/shal_lotD4_1153_20191003/result_images/114813.png
9,0,1,1,3,45.18034,-73.36328,1.7223600000000001,153007.7,E:/shal_lotD4_1153_20191003/result_images/114819.png
5,0,0,1,1,45.18036,-73.36325,1.62976,153013.9,E:/shal_lotD4_1153_20191003/result_images/114825.png
9,0,0,0,3,45.18037,-73.36323,1.6482800000000002,153020.4,E:/shal_lotD4_1153_20191003/result_images/114831.png
5,0,1,0,1,45.18039,-73.36320,1.5742,153026.4,E:/shal_lotD4_1153_20191003/result_images/114838.png
20,0,0,0,1,45.18041,-73.36318,1.61124,153032.9,E:/shal_lotD4_1153_20191003/result_images/114844.png
3,0,0,0,1,45.18043,-73.36316,1.61124,153038.5,E:/shal_lotD4_1153_20191003/result_images/114850.png
15,1,0,0,4,45.18045,-73.36313,1.7038400000000002,153045.3,E:/shal_lotD4_1153_20191003/result_images/114856.png
16,1,0,1,0,45.18047,-73.36310,1.8149600000000001,153051.1,E:/shal_lotD4_1153_20191003/result_images/114902.png
4,0,0,0,1,45.18049,-73.36308,1.74088,153057.3,E:/shal_lotD4_1153_20191003/result_images/114909.png
4,0,0,1,2,45.18051,-73.36304,1.77792,153103.9,E:/shal_lotD4_1153_20191003/result_images/114915.png
5,0,1,0,2,45.18053,-73.36302,1.77792,153109.6,E:/shal_lotD4_1153_20191003/result_images/114920.png
3,0,0,0,0,45.18055,-73.36299,1.77792,153115.2,E:/shal_lotD4_1153_20191003/result_images/114926.png
6,0,1,0,0,45.18057,-73.36297,1.83348,153121.1,E:/shal_lotD4_1153_20191003/result_images/114932.png
6,0,0,1,0,45.18059,-73.36294,1.83348,153126.7,E:/shal_lotD4_1153_20191003/result_images/114937.png
5,0,0,0,1,45.18061,-73.36292,2.07424,153132.3,E:/shal_lotD4_1153_20191003/result_images/114943.png
12,0,1,0,0,45.18062,-73.36289,1.88904,153138.0,E:/shal_lotD4_1153_20191003/result_images/114949.png
5,1,0,1,1,45.18064,-73.36287,1.83348,153143.5,E:/shal_lotD4_1153_20191003/result_images/114955.png
7,0,0,1,0,45.18066,-73.36284,1.8149600000000001,153149.6,E:/shal_lotD4_1153_20191003/result_images/115001.png
6,0,0,0,2,45.18068,-73.36281,1.852,153155.5,E:/shal_lotD4_1153_20191003/result_images/115007.png
7,1,0,1,2,45.18070,-73.36279,1.83348,153201.6,E:/shal_lotD4_1153_20191003/result_images/115012.png
6,0,0,0,0,45.18072,-73.36276,1.6482800000000002,153207.1,E:/shal_lotD4_1153_20191003/result_images/115018.png
3,0,0,0,0,45.18074,-73.36273,1.7594,153213.2,E:/shal_lotD4_1153_20191003/result_images/115024.png
6,1,0,2,1,45.18075,-73.36271,1.8705200000000002,153219.0,E:/shal_lotD4_1153_20191003/result_images/115029.png
10,0,0,0,0,45.18077,-73.36269,1.9446,153224.2,E:/shal_lotD4_1153_20191003/result_images/115035.png
12,0,0,0,1,45.18079,-73.36266,1.8149600000000001,153230.1,E:/shal_lotD4_1153_20191003/result_images/115041.png
3,1,0,0,0,45.18081,-73.36264,1.8149600000000001,153235.7,E:/shal_lotD4_1153_20191003/result_images/115047.png
3,1,0,1,1,45.18083,-73.36261,1.79644,153241.7,E:/shal_lotD4_1153_20191003/result_images/115053.png
13,0,0,0,1,45.18085,-73.36259,1.9446,153247.5,E:/shal_lotD4_1153_20191003/result_images/115058.png
6,0,1,0,1,45.18087,-73.36256,1.389,153252.9,E:/shal_lotD4_1153_20191003/result_images/115104.png
8,0,0,0,1,45.18089,-73.36253,1.852,153259.1,E:/shal_lotD4_1153_20191003/result_images/115110.png
16,1,0,0,3,45.18091,-73.36251,1.7594,153304.8,E:/shal_lotD4_1153_20191003/result_images/115116.png
4,0,0,0,2,45.18093,-73.36248,1.62976,153310.9,E:/shal_lotD4_1153_20191003/result_images/115122.png
13,0,2,1,1,45.18095,-73.36245,1.9446,153317.0,E:/shal_lotD4_1153_20191003/result_images/115128.png
5,0,0,0,1,45.18097,-73.36243,1.9816400000000003,153322.6,E:/shal_lotD4_1153_20191003/result_images/115134.png
5,0,0,0,0,45.18099,-73.36240,2.0557200000000004,153328.9,E:/shal_lotD4_1153_20191003/result_images/115140.png
14,1,0,0,0,45.18101,-73.36237,1.8705200000000002,153334.6,E:/shal_lotD4_1153_20191003/result_images/115145.png
8,1,0,1,0,45.18103,-73.36234,2.0186800000000003,153340.3,E:/shal_lotD4_1153_20191003/result_images/115151.png
6,0,1,0,0,45.18105,-73.36231,1.9631200000000002,153346.2,E:/shal_lotD4_1153_20191003/result_images/115157.png
8,0,0,1,1,45.18107,-73.36229,1.9631200000000002,153351.8,E:/shal_lotD4_1153_20191003/result_images/115203.png
6,1,0,0,0,45.18109,-73.36226,1.9260800000000002,153357.8,E:/shal_lotD4_1153_20191003/result_images/115209.png
7,0,0,0,1,45.18111,-73.36223,2.07424,153404.0,E:/shal_lotD4_1153_20191003/result_images/115215.png
10,1,0,0,2,45.18114,-73.36220,1.9446,153410.0,E:/shal_lotD4_1153_20191003/result_images/115221.png
11,0,0,0,1,45.18116,-73.36217,1.88904,153416.1,E:/shal_lotD4_1153_20191003/result_images/115227.png
3,1,0,0,2,45.18118,-73.36214,1.77792,153422.4,E:/shal_lotD4_1153_20191003/result_images/115233.png
5,0,0,0,1,45.18120,-73.36211,1.3704800000000001,153428.5,E:/shal_lotD4_1153_20191003/result_images/115239.png
11,0,0,0,0,45.18121,-73.36209,1.6668,153434.3,E:/shal_lotD4_1153_20191003/result_images/115245.png
8,0,0,0,1,45.18123,-73.36207,1.6668,153440.3,E:/shal_lotD4_1153_20191003/result_images/115251.png
10,0,0,1,1,45.18124,-73.36205,1.44456,153445.9,E:/shal_lotD4_1153_20191003/result_images/115256.png
6,0,0,0,1,45.18126,-73.36203,1.74088,153451.4,E:/shal_lotD4_1153_20191003/result_images/115302.png
5,0,0,0,0,45.18128,-73.36200,1.6853200000000002,153457.1,E:/shal_lotD4_1153_20191003/result_images/115308.png
16,0,1,0,1,45.18130,-73.36198,1.62976,153502.8,E:/shal_lotD4_1153_20191003/result_images/115313.png
8,0,0,0,1,45.18131,-73.36196,1.6482800000000002,153508.0,E:/shal_lotD4_1153_20191003/result_images/115319.png
3,0,0,1,2,45.18133,-73.36193,1.6668,153514.3,E:/shal_lotD4_1153_20191003/result_images/115325.png
14,0,0,0,1,45.18135,-73.36190,1.74088,153520.1,E:/shal_lotD4_1153_20191003/result_images/115331.png
4,0,0,0,0,45.18137,-73.36188,1.6853200000000002,153525.7,E:/shal_lotD4_1153_20191003/result_images/115337.png
6,0,0,0,2,45.18138,-73.36185,1.6853200000000002,153531.5,E:/shal_lotD4_1153_20191003/result_images/115342.png
8,0,1,0,0,45.18140,-73.36183,1.7038400000000002,153537.0,E:/shal_lotD4_1153_20191003/result_images/115348.png
7,0,0,1,0,45.18142,-73.36181,1.7223600000000001,153542.9,E:/shal_lotD4_1153_20191003/result_images/115354.png
11,0,0,0,2,45.18144,-73.36179,1.7223600000000001,153548.6,E:/shal_lotD4_1153_20191003/result_images/115400.png
6,0,0,0,0,45.18145,-73.36176,1.6482800000000002,153554.5,E:/shal_lotD4_1153_20191003/result_images/115405.png
12,0,0,0,2,45.18147,-73.36174,1.7223600000000001,153600.4,E:/shal_lotD4_1153_20191003/result_images/115411.png
5,1,0,1,0,45.18149,-73.36171,1.79644,153605.9,E:/shal_lotD4_1153_20191003/result_images/115417.png
3,0,0,1,2,45.18151,-73.36169,1.7223600000000001,153612.0,E:/shal_lotD4_1153_20191003/result_images/115423.png
13,0,0,0,0,45.18152,-73.36166,1.79644,153617.7,E:/shal_lotD4_1153_20191003/result_images/115429.png
9,2,0,0,0,45.18154,-73.36164,1.7223600000000001,153623.5,E:/shal_lotD4_1153_20191003/result_images/115435.png
7,1,0,0,0,45.18156,-73.36162,1.852,153629.5,E:/shal_lotD4_1153_20191003/result_images/115440.png
7,0,0,0,0,45.18158,-73.36159,1.74088,153635.3,E:/shal_lotD4_1153_20191003/result_images/115446.png
3,0,0,0,1,45.18159,-73.36157,1.6668,153641.0,E:/shal_lotD4_1153_20191003/result_images/115451.png
8,1,0,0,0,45.18161,-73.36155,1.79644,153646.4,E:/shal_lotD4_1153_20191003/result_images/115457.png
4,0,0,0,1,45.18163,-73.36152,1.74088,153652.1,E:/shal_lotD4_1153_20191003/result_images/115503.png
11,0,0,0,0,45.18165,-73.36150,1.74088,153658.1,E:/shal_lotD4_1153_20191003/result_images/115509.png
13,2,1,0,1,45.18166,-73.36147,1.6668,153703.8,E:/shal_lotD4_1153_20191003/result_images/115515.png
2,0,0,0,0,45.18168,-73.36145,1.7038400000000002,153709.6,E:/shal_lotD4_1153_20191003/result_images/115521.png
9,2,0,1,0,45.18170,-73.36142,1.7038400000000002,153715.8,E:/shal_lotD4_1153_20191003/result_images/115526.png
4,0,0,0,1,45.18172,-73.36140,1.83348,153721.2,E:/shal_lotD4_1153_20191003/result_images/115532.png
8,0,0,1,0,45.18173,-73.36138,1.83348,153727.1,E:/shal_lotD4_1153_20191003/result_images/115538.png
6,0,0,0,1,45.18175,-73.36135,1.6853200000000002,153732.6,E:/shal_lotD4_1153_20191003/result_images/115544.png
8,0,0,0,2,45.18177,-73.36132,1.6853200000000002,153738.7,E:/shal_lotD4_1153_20191003/result_images/115549.png
2,0,0,0,0,45.18179,-73.36130,1.4630800000000002,153744.4,E:/shal_lotD4_1153_20191003/result_images/115555.png
5,0,0,0,1,45.18181,-73.36128,1.6853200000000002,153750.3,E:/shal_lotD4_1153_20191003/result_images/115601.png
8,0,0,0,0,45.18182,-73.36125,1.7038400000000002,153755.5,E:/shal_lotD4_1153_20191003/result_images/115606.png
1,0,0,0,0,45.18184,-73.36123,1.6853200000000002,153801.0,E:/shal_lotD4_1153_20191003/result_images/115612.png
20,0,0,0,1,45.18186,-73.36121,1.74088,153806.6,E:/shal_lotD4_1153_20191003/result_images/115617.png
3,0,0,0,0,45.18187,-73.36119,1.7038400000000002,153811.8,E:/shal_lotD4_1153_20191003/result_images/115623.png
3,0,0,0,1,45.18189,-73.36117,1.6853200000000002,153818.2,E:/shal_lotD4_1153_20191003/result_images/115629.png
6,0,0,0,0,45.18191,-73.36114,1.6853200000000002,153823.8,E:/shal_lotD4_1153_20191003/result_images/115634.png
8,0,0,0,0,45.18193,-73.36112,1.7223600000000001,153829.2,E:/shal_lotD4_1153_20191003/result_images/115640.png
3,0,0,0,0,45.18194,-73.36109,1.74088,153835.1,E:/shal_lotD4_1153_20191003/result_images/115646.png
1,1,0,0,0,45.18196,-73.36107,1.5001200000000001,153840.7,E:/shal_lotD4_1153_20191003/result_images/115651.png
1,0,0,0,1,45.18198,-73.36105,1.8705200000000002,153846.1,E:/shal_lotD4_1153_20191003/result_images/115657.png
5,0,0,0,0,45.18199,-73.36102,1.6482800000000002,153851.5,E:/shal_lotD4_1153_20191003/result_images/115702.png
0,0,0,0,1,45.18201,-73.36100,1.7038400000000002,153856.7,E:/shal_lotD4_1153_20191003/result_images/115707.png
10,0,0,0,0,45.18203,-73.36098,1.7223600000000001,153902.1,E:/shal_lotD4_1153_20191003/result_images/115713.png
5,1,0,0,0,45.18204,-73.36096,1.6853200000000002,153907.5,E:/shal_lotD4_1153_20191003/result_images/115719.png
0,0,0,0,0,45.18206,-73.36093,1.7038400000000002,153913.8,E:/shal_lotD4_1153_20191003/result_images/115724.png
4,0,0,0,0,45.18208,-73.36091,1.6668,153919.1,E:/shal_lotD4_1153_20191003/result_images/115729.png
0,0,0,0,1,45.18210,-73.36089,1.6482800000000002,153924.3,E:/shal_lotD4_1153_20191003/result_images/115735.png
6,0,0,1,0,45.18211,-73.36087,1.7038400000000002,153929.8,E:/shal_lotD4_1153_20191003/result_images/115740.png
12,0,0,0,0,45.18213,-73.36084,1.7594,153934.8,E:/shal_lotD4_1153_20191003/result_images/115745.png
7,0,0,0,0,45.18215,-73.36082,1.7038400000000002,153940.2,E:/shal_lotD4_1153_20191003/result_images/115751.png
7,0,0,0,0,45.18216,-73.36080,1.7594,153946.2,E:/shal_lotD4_1153_20191003/result_images/115757.png
3,0,0,0,0,45.18218,-73.36078,1.7223600000000001,153951.8,E:/shal_lotD4_1153_20191003/result_images/115802.png
7,0,0,0,1,45.18220,-73.36075,1.6853200000000002,153957.4,E:/shal_lotD4_1153_20191003/result_images/115808.png
5,0,0,0,0,45.18221,-73.36073,1.27788,154002.9,E:/shal_lotD4_1153_20191003/result_images/115814.png
4,0,0,0,1,45.18223,-73.36070,1.7038400000000002,154008.8,E:/shal_lotD4_1153_20191003/result_images/115819.png
16,0,0,1,0,45.18225,-73.36067,1.7594,154014.2,E:/shal_lotD4_1153_20191003/result_images/115825.png
5,0,0,0,0,45.18227,-73.36065,1.7223600000000001,154019.7,E:/shal_lotD4_1153_20191003/result_images/115831.png
1,0,0,0,0,45.18228,-73.36063,1.7594,154025.8,E:/shal_lotD4_1153_20191003/result_images/115837.png
9,0,0,0,0,45.18230,-73.36061,1.7038400000000002,154031.5,E:/shal_lotD4_1153_20191003/result_images/115842.png
13,0,0,0,0,45.18232,-73.36058,1.7223600000000001,154036.7,E:/shal_lotD4_1153_20191003/result_images/115848.png
12,0,0,0,0,45.18234,-73.36056,1.6482800000000002,154042.7,E:/shal_lotD4_1153_20191003/result_images/115854.png
3,0,0,0,0,45.18236,-73.36053,1.6482800000000002,154048.8,E:/shal_lotD4_1153_20191003/result_images/115900.png
2,0,0,0,0,45.18237,-73.36051,1.6853200000000002,154054.6,E:/shal_lotD4_1153_20191003/result_images/115905.png
6,0,0,0,0,45.18239,-73.36049,1.6853200000000002,154100.0,E:/shal_lotD4_1153_20191003/result_images/115910.png
4,0,0,0,2,45.18240,-73.36047,1.7223600000000001,154105.1,E:/shal_lotD4_1153_20191003/result_images/115916.png
6,0,0,0,0,45.18242,-73.36044,1.55568,154110.8,E:/shal_lotD4_1153_20191003/result_images/115921.png
7,0,0,1,0,45.18243,-73.36043,1.7038400000000002,154115.9,E:/shal_lotD4_1153_20191003/result_images/115926.png
7,0,0,0,1,45.18245,-73.36040,1.7038400000000002,154121.4,E:/shal_lotD4_1153_20191003/result_images/115932.png
9,0,1,0,0,45.18247,-73.36037,1.7038400000000002,154127.1,E:/shal_lotD4_1153_20191003/result_images/115938.png
1,0,1,0,0,45.18249,-73.36035,1.7223600000000001,154132.7,E:/shal_lotD4_1153_20191003/result_images/115943.png
10,0,0,1,0,45.18251,-73.36032,1.8149600000000001,154138.3,E:/shal_lotD4_1153_20191003/result_images/115948.png
7,0,0,1,1,45.18252,-73.36031,1.33344,154143.5,E:/shal_lotD4_1153_20191003/result_images/115954.png
8,0,0,0,1,45.18254,-73.36029,1.33344,154149.4,E:/shal_lotD4_1153_20191003/result_images/120000.png
5,2,0,0,0,45.18255,-73.36027,1.61124,154154.8,E:/shal_lotD4_1153_20191003/result_images/120006.png
4,0,0,0,0,45.18257,-73.36024,1.6853200000000002,154200.8,E:/shal_lotD4_1153_20191003/result_images/120011.png
3,0,0,0,0,45.18259,-73.36022,1.7223600000000001,154206.4,E:/shal_lotD4_1153_20191003/result_images/120017.png
2,0,0,1,0,45.18260,-73.36020,1.6482800000000002,154211.7,E:/shal_lotD4_1153_20191003/result_images/120022.png
6,1,0,0,0,45.18261,-73.36018,1.7594,154217.1,E:/shal_lotD4_1153_20191003/result_images/120027.png
3,0,0,0,1,45.18263,-73.36016,1.7038400000000002,154222.2,E:/shal_lotD4_1153_20191003/result_images/120033.png
4,0,0,0,0,45.18265,-73.36014,1.6853200000000002,154227.7,E:/shal_lotD4_1153_20191003/result_images/120038.png
6,0,0,0,0,45.18266,-73.36011,1.79644,154233.3,E:/shal_lotD4_1153_20191003/result_images/120044.png
1,0,0,0,0,45.18268,-73.36009,1.7223600000000001,154238.6,E:/shal_lotD4_1153_20191003/result_images/120049.png
6,0,0,0,0,45.18270,-73.36006,1.7594,154244.0,E:/shal_lotD4_1153_20191003/result_images/120054.png
6,0,0,0,0,45.18272,-73.36004,1.6668,154249.2,E:/shal_lotD4_1153_20191003/result_images/120100.png
4,0,0,0,0,45.18273,-73.36002,1.6853200000000002,154254.9,E:/shal_lotD4_1153_20191003/result_images/120106.png
6,0,0,0,0,45.18275,-73.35999,1.79644,154300.6,E:/shal_lotD4_1153_20191003/result_images/120112.png
6,0,1,0,0,45.18277,-73.35997,1.7223600000000001,154307.0,E:/shal_lotD4_1153_20191003/result_images/120118.png
2,0,0,0,0,45.18279,-73.35994,1.7223600000000001,154313.0,E:/shal_lotD4_1153_20191003/result_images/120124.png
9,1,0,0,0,45.18281,-73.35992,2.07424,154318.9,E:/shal_lotD4_1153_20191003/result_images/120130.png
4,0,0,0,0,45.18282,-73.35989,1.6668,154324.6,E:/shal_lotD4_1153_20191003/result_images/120136.png
8,0,0,0,0,45.18284,-73.35987,1.7038400000000002,154330.6,E:/shal_lotD4_1153_20191003/result_images/120141.png
6,0,0,0,0,45.18286,-73.35985,1.9631200000000002,154336.2,E:/shal_lotD4_1153_20191003/result_images/120147.png
8,0,0,0,0,45.18288,-73.35982,1.7038400000000002,154341.9,E:/shal_lotD4_1153_20191003/result_images/120152.png
2,0,0,0,0,45.18290,-73.35980,1.7038400000000002,154347.3,E:/shal_lotD4_1153_20191003/result_images/120158.png
1,1,0,0,0,45.18291,-73.35978,1.6668,154353.1,E:/shal_lotD4_1153_20191003/result_images/120204.png
1,0,0,0,0,45.18293,-73.35975,1.7223600000000001,154358.8,E:/shal_lotD4_1153_20191003/result_images/120210.png
9,0,0,0,0,45.18295,-73.35973,1.7594,154404.6,E:/shal_lotD4_1153_20191003/result_images/120215.png
1,0,1,0,0,45.18296,-73.35971,1.6853200000000002,154409.8,E:/shal_lotD4_1153_20191003/result_images/120221.png
5,0,0,0,1,45.18298,-73.35968,1.4816000000000003,154415.6,E:/shal_lotD4_1153_20191003/result_images/120226.png
2,0,1,0,1,45.18300,-73.35966,1.5001200000000001,154421.0,E:/shal_lotD4_1153_20191003/result_images/120232.png
6,0,0,2,2,45.18302,-73.35964,1.79644,154426.6,E:/shal_lotD4_1153_20191003/result_images/120237.png
9,0,0,0,0,45.18313,-73.35949,1.7038400000000002,154502.4,E:/shal_lotD4_1153_20191003/result_images/120328.png
